<?xml version="1.0" encoding="UTF-8"?>
<!DOCTYPE suite SYSTEM "https://testng.org/testng-1.0.dtd">
<suite name="Suite">
	<listeners><listener class-name="screenshot.ITestListenerr"></listener></listeners>
  <test name="Test1">
    <classes>
      <class name="screenshot.TestClass">
		  <methods>
			  <include name="amazon"></include>
		  </methods>
		  </class>
    </classes>
  </test> <!-- Test -->
  <test name="Test2">
    <classes>
      <class name="screenshot.TestClass">
		  <methods>
			  <include name="flipkart"></include>
		  </methods>
		  </class>
    </classes>
  </test> <!-- Test -->
</suite> <!-- Suite -->


